rank,name,score,hac,le,le_grade,mw,logp,smiles,pair,source,out_sdf
1,reduced_peptide_TRP_ALA_PRO,-7.2,26,0.2769,△ 許容,,,Nc1ccc2[nH]ccc2c1CCC(=O)NCCC(=O)NC1CC[NH2+]C1C,TRP6-ALA7-ASP4,ペプチドミメティクス (STEP3),Result_Best/01_score7p2_reduced_peptide_TRP_ALA_PRO.sdf
2,bridge_LYS46_TYR49_carboxylic_acid_diene_naphthalene,-7.2,17,0.4235,◎ 優秀,226.1,3.41,O=C(O)CC=CCc1ccc2ccccc2c1,LYS46-TYR49,ブリッジ (STEP7) LYS46-TYR49,Result_Best/02_score7p2_bridge_LYS46_TYR49_carboxylic_acid_diene_naphthalene.sdf
3,bridge_LYS46_TYR49_sulfonamide_diene_naphthalene,-7.2,18,0.4,◎ 優秀,261.08,2.23,NS(=O)(=O)CC=CCc1ccc2ccccc2c1,LYS46-TYR49,ブリッジ (STEP7) LYS46-TYR49,Result_Best/03_score7p2_bridge_LYS46_TYR49_sulfonamide_diene_naphthalene.sdf
4,bridge_LYS46_TYR49_sulfonamide_amide_lnk_naphthalene,-7.1,20,0.355,○ 良好,292.09,0.79,NS(=O)(=O)CC(=O)NCCc1ccc2ccccc2c1,LYS46-TYR49,ブリッジ (STEP7) LYS46-TYR49,Result_Best/04_score7p1_bridge_LYS46_TYR49_sulfonamide_amide_lnk_naphthalene.sdf
5,bridge_LYS46_TYR49_carboxylic_acid_ether3_naphthalene,-7.0,17,0.4118,◎ 優秀,230.09,2.48,O=C(O)COCCc1ccc2ccccc2c1,LYS46-TYR49,ブリッジ (STEP7) LYS46-TYR49,Result_Best/05_score7p0_bridge_LYS46_TYR49_carboxylic_acid_ether3_naphthalene.sdf
6,bridge_LYS46_TYR49_carboxylic_acid_amide_lnk_naphthalene,-7.0,19,0.3684,○ 良好,257.11,1.97,O=C(O)CC(=O)NCCc1ccc2ccccc2c1,LYS46-TYR49,ブリッジ (STEP7) LYS46-TYR49,Result_Best/06_score7p0_bridge_LYS46_TYR49_carboxylic_acid_amide_lnk_naphthalene.sdf
7,bridge_LYS46_TYR49_sulfonamide_ether3_naphthalene,-7.0,18,0.3889,○ 良好,265.08,1.64,NS(=O)(=O)COCCc1ccc2ccccc2c1,LYS46-TYR49,ブリッジ (STEP7) LYS46-TYR49,Result_Best/07_score7p0_bridge_LYS46_TYR49_sulfonamide_ether3_naphthalene.sdf
8,bridge_LYS46_TYR49_carboxylic_acid_butylene_naphthalene,-6.9,17,0.4059,◎ 優秀,228.12,3.64,O=C(O)CCCCc1ccc2ccccc2c1,LYS46-TYR49,ブリッジ (STEP7) LYS46-TYR49,Result_Best/08_score6p9_bridge_LYS46_TYR49_carboxylic_acid_butylene_naphthalene.sdf
9,bridge_LYS46_TYR49_carboxylic_acid_pentylene_naphthalene,-6.7,18,0.3722,○ 良好,242.13,4.03,O=C(O)CCCCCc1ccc2ccccc2c1,LYS46-TYR49,ブリッジ (STEP7) LYS46-TYR49,Result_Best/09_score6p7_bridge_LYS46_TYR49_carboxylic_acid_pentylene_naphthalene.sdf
10,bridge_LYS46_TYR49_carboxylic_acid_hexylene_naphthalene,-6.7,19,0.3526,○ 良好,256.15,4.42,O=C(O)CCCCCCc1ccc2ccccc2c1,LYS46-TYR49,ブリッジ (STEP7) LYS46-TYR49,Result_Best/10_score6p7_bridge_LYS46_TYR49_carboxylic_acid_hexylene_naphthalene.sdf
11,bridge_LYS48_LEU50_carboxylic_acid_butylene_cyclohexyl,-6.3,13,0.4846,◎ 優秀,184.15,3.21,O=C(O)CCCCC1CCCCC1,LYS48-LEU50,ブリッジ (STEP7) LYS48-LEU50,Result_Best/11_score6p3_bridge_LYS48_LEU50_carboxylic_acid_butylene_cyclohexyl.sdf
12,bridge_LYS48_LEU50_carboxylic_acid_butylene_phenyl,-6.3,13,0.4846,◎ 優秀,178.1,2.48,O=C(O)CCCCc1ccccc1,LYS48-LEU50,ブリッジ (STEP7) LYS48-LEU50,Result_Best/12_score6p3_bridge_LYS48_LEU50_carboxylic_acid_butylene_phenyl.sdf
13,bridge_LYS48_LEU50_carboxylic_acid_butylene_isopropyl,-5.6,10,0.56,◎ 優秀,144.12,2.29,CC(C)CCCCC(=O)O,LYS48-LEU50,ブリッジ (STEP7) LYS48-LEU50,Result_Best/13_score5p6_bridge_LYS48_LEU50_carboxylic_acid_butylene_isopropyl.sdf
14,fragment_TRP,-5.5,10,0.55,◎ 優秀,,,c1ccc2[nH]ccc2c1C,TRP6-ALA7-ASP4,ペプチドミメティクス (STEP3),Result_Best/14_score5p5_fragment_TRP.sdf
15,bridge_LYS48_LEU50_carboxylic_acid_pentylene_isopropyl,-5.4,11,0.4909,◎ 優秀,158.13,2.68,CC(C)CCCCCC(=O)O,LYS48-LEU50,ブリッジ (STEP7) LYS48-LEU50,Result_Best/15_score5p4_bridge_LYS48_LEU50_carboxylic_acid_pentylene_isopropyl.sdf
